﻿<?xml version="1.0"?>
<doc>
<assembly>
<name>
ExplorerTree
</name>
</assembly>
<members>
<member name="T:ExplorerTree.My.Resources.Resources">
<summary>
  A strongly-typed resource class, for looking up localized strings, etc.
</summary>
</member>
<member name="P:ExplorerTree.My.Resources.Resources.ResourceManager">
<summary>
  Returns the cached ResourceManager instance used by this class.
</summary>
</member>
<member name="P:ExplorerTree.My.Resources.Resources.Culture">
<summary>
  Overrides the current thread's CurrentUICulture property for all
  resource lookups using this strongly typed resource class.
</summary>
</member>
<member name="M:ExplorerTree.Iconhelper.GetIconImage(System.String,ExplorerTree.IconSizes)">
 <summary>Gets a Bitmap image of the specified file or folder icon.</summary>
 <param name="FileOrFolderPath">The full path to the folder or file to get the icon image from, or just a file extension (.ext) to get the registered icon image of the file type.</param>
 <param name="IconSize">The size of the icon to retrieve.</param>
</member>
</members>
</doc>
